{
  "project_info": {
    "project_number": "694393809633",
    "firebase_url": "https://myfirestore-a623a.firebaseio.com",
    "project_id": "myfirestore-a623a",
    "storage_bucket": "myfirestore-a623a.appspot.com"
  },
  "client": [
    {
      "client_info": {
        "mobilesdk_app_id": "1:694393809633:android:f5af23e141124be69225a0",
        "android_client_info": {
          "package_name": "com.block.myfirestore"
        }
      },
      "oauth_client": [
        {
          "client_id": "694393809633-jkd9ptnu0g4d1r08fvd3iqq836f8sc87.apps.googleusercontent.com",
          "client_type": 3
        }
      ],
      "api_key": [
        {
          "current_key": "AIzaSyDia-4onwxhNmkZwA2VdCrZ6rPEqAsGDpg"
        }
      ],
      "services": {
        "appinvite_service": {
          "other_platform_oauth_client": [
            {
              "client_id": "694393809633-jkd9ptnu0g4d1r08fvd3iqq836f8sc87.apps.googleusercontent.com",
              "client_type": 3
            }
          ]
        }
      }
    }
  ],
  "configuration_version": "1"
}